index,score_scale,score_binary,full_text
1,-1.0,"[[1, -5]]","RT @monicabergamo: A Lava Jato, que fez e aconteceu e alterou os rumos da hist√≥ria do Brasil, tamb√©m abrigava corruptos.
https://t.co/KQI3e‚Ä¶"
2,-1.0,"[[1, -5]]","RT @MidiaNINJA: O bar Al Janiah, que emprega cerca de 35 refugiados, foi violentamente atacado por fascistas com bombas e g√°s de pimenta on‚Ä¶"
3,-1.0,"[[1, -5]]","@NPTO ‚ÄúA maneira de parar a Lava Jato era faz√™-la de ot√°ria. Nada de confront√°-la abertamente ou de tentar desmont√°-la em sil√™ncio: o neg√≥cio era se eleger contra os corruptos, e, enquanto isso, aparelhar os tribunais, a pol√≠cia, a Receita, o Coaf...‚Äù
https://t.co/DfAD8XIQDg"
4,-1.0,"[[1, -5]]","RT @ggreenwald: Todo mundo sabe que @FlavioBolsonaro √© corrupto, roubou dinheiro p√∫blico para seu pr√≥prio enriquecimento, tudo feito por um‚Ä¶"
5,-1.0,"[[1, -5]]","RT @ggreenwald: Ningu√©m mais precisa argumentar se a conduta de @SF_Moro como um juiz era anti√©tica, corrupto e impr√≥pria. Os pr√≥prios prom‚Ä¶"
6,-1.0,"[[1, -5]]","N√£o √© compar√°vel a Breaking Bad, como dizem, mas √© obrigat√≥rio. H√° coisas piores do que o Bozo. Chernobyl (2019‚Äì2019)
#IMDb https://t.co/XngHuPK4kr"
7,-1.0,"[[1, -5]]","RT @andrefran: Eu sinto uma vergonha e uma tristeza profundas. Professores mal pagos, falta de material escolar, col√©gios sem merenda pra o‚Ä¶"
8,-1.0,"[[1, -5]]","A administra√ß√£o p√∫blica avan√ßou muito no nosso governo. O fortalecimento das institui√ß√µes desbaratou uma quadrilha. Infelizmente, por√©m, temos corruptos confessos que fizeram dela√ß√µes gozando de seus patrim√¥nios. #HaddadNoJN"
9,-1.0,"[[1, -5]]",Estamos prendendo o ‚Äúavi√£ozinho‚Äù ao inv√©s de prender o homicida e o estuprador. #HaddadnoCatraca
10,-1.0,"[[1, -5]]",Entrevista que dei ao Fernando Grostein Andrade. https://t.co/Ka2kNV7DRl
11,-1.0,"[[1, -5]]","Minha solidariedade √† comunidade LGBT e aos funcion√°rios do Centro de Cidadania LGBT, criado na nossa gest√£o, contra a atitude fascista dos que o vandalizaram e depredaram.
https://t.co/47V1jarvwP"
12,-1.0,"[[1, -5]]","DISTOR√á√ÉO PREMIADA
Falta de regras nas dela√ß√µes da Lava Jato beneficia corruptos.
https://t.co/kWvayX9mOu"
13,-0.75,"[[1, -4]]",RT @JamilChade: A agonia de uma democracia / Passei uma semana percorrendo um pa√≠s que mergulha numa destrui√ß√£o profunda do estado de direi‚Ä¶
14,-0.75,"[[1, -4]]","Chamado pelo novo presidente da Funda√ß√£o Palmares , S√©rgio Nascimento de Camargo, de vagabundo, Martinho da Vila reagiu:
-Como enxerga o racismo do negro contra negro?
-Tem bastante, e √© triste. O racismo √© uma doen√ßa, e esse rapaz est√° em estado terminal. https://t.co/p1H56uCAUt"
15,-0.75,"[[1, -4]]",RT @folha: Ideias de novo presidente da Funda√ß√£o Palmares assemelham-se com as de judeus nazistas; leia mais no blog Quadro-Negro (@dodoaze‚Ä¶
16,-0.75,"[[1, -4]]","RT @jose_simao: O Moro virou um bot√£o de emerg√™ncia, bot√£o do p√†nico. Toda vez que os bozos est√£o enrolados, APERTA O MORO!"
17,-0.75,"[[2, -5]]","Depois do susto do avan√ßo fascista na Espanha, uma boa not√≠cia:
PSOE y Podemos firman el acuerdo para un ‚ÄúGobierno rotundamente progresista‚Äù, con Iglesias de vicepresidente https://t.co/fc62ufFNl3 via @elpais_espana"
18,-0.75,"[[1, -4]]","Temos um completo despreparado no comando! Omiss√£o criminosa!!
O plano para conter derrames de petr√≥leo que n√£o foi acionado pelo governo federal para o Nordeste | Desastre Ambiental: petr√≥leo nas praias do Nordeste | G1 https://t.co/LRhToRFIb0"
19,-0.75,"[[1, -4]]","RT @LulaOficial: ‚ÄúEu poderia n√£o estar aqui. Resolvi vir para c√° porque eu preciso provar que o Moro √© mentiroso, teve um comportamento can‚Ä¶"
20,-0.75,"[[1, -4]]","Triste a troca de mensagens dos promotores sobre a fam√≠lia de Lula. Realmente faltavam sobriedade e isen√ß√£o e sobravam preconceito e √≥dio. As mortes da esposa, do irm√£o e do neto n√£o foram minimamente respeitadas."
21,-0.75,"[[1, -4]]",Ministro da Educa√ß√£o curte publica√ß√£o com amea√ßa de morte a estudantes https://t.co/mCN1tC1BRl via @UOLNoticias @UOL
22,-0.75,"[[1, -4]]","RT @rguilhermeds: Se Bozo for pego espancando uma crian√ßa de 2 anos:

Rea√ß√µes

O Antagonista:
""Ele agiu em leg√≠tima defesa""

Ter√ßa Livre:‚Ä¶"
23,-0.75,"[[1, -4]]","Miriam Leit√£o: ‚ÄúBolsonaro mostra que os militares sempre mentiram sobre os crimes da ditadura. √â hora de lembrar o que disse o grande Ulysses Guimar√£es ao promulgar a nossa Carta Magna: ‚ÄúTemos √≥dio √† ditadura, √≥dio e nojo‚Äù. Ontem foi o dia de sentir nojo.‚Äù https://t.co/dblWju93Wr"
24,-0.75,"[[1, -4]]","‚ÄúAs falas de Bolsonaro sobre o Inpe e Miriam Leit√£o s√£o mentirosas. A fala sobre a Ancine √© autorit√°ria. A fala sobre os governadores nordestinos √© preconceituosa. A Folha, ao trat√°-las como pol√™micas ou controversas, acaba normalizando seus absurdos‚Äù. 
https://t.co/asz9jz8dXv"
25,-0.75,"[[2, -5]]",Um fascista intelectualmente limitado continua sendo um fascista e precisa ser contido enquanto houver tempo. A escalada autorit√°ria dos √∫ltimos dias n√£o tem precedente no per√≠odo democr√°tico e conta com apoio numeroso de zumbis robotizados. A liberdade vai vencer sempre. https://t.co/9pu6EU85vq
26,-0.75,"[[1, -4]]","RT @MarceloFreixo: Que move Bolsonaro? √ìdio, farsa, preconceito, fanatismo. Em 24h, atacou nordestinos, tripudiou dos brasileiros que passa‚Ä¶"
27,-0.75,"[[1, -4]]","RT @KennedyAlencar: Racista, ignorante, mentiroso, autorit√°rio, nepotista, persecut√≥rio, mal-educado, despreparado‚Ä¶ que absurdo presidencia‚Ä¶"
28,-0.75,"[[1, -4]]","RT @FlavioDino: Algumas marcas v√£o se fortalecendo:
1) pequenos grupos de direita cada vez mais extremistas e violentos; at√© entre eles mes‚Ä¶"
29,-0.75,"[[1, -4]]","RT @gugachacra: Ex√©rcito do Brasil homenageou Major alem√£o que lutou no Ex√©rcito nazista. √â o que diz, inclusive, o pr√≥prio texto do jornal‚Ä¶"
30,-0.75,"[[1, -4]]","RT @fnpacheco: Reinaldo Azevedo criticou o PT por 13 anos. Ap√≥s um artigo contra Bozo, foi amea√ßado de morte.
Marco Villa massacrou o PT po‚Ä¶"
31,-0.75,"[[1, -4]]","RT @GeorgMarques: √ìdio √† ci√™ncia: A pesquisa da Fiocruz custou R$ 7 milh√µes aos cofres p√∫blicos, mas o estudo foi engavetado pq o atual gov‚Ä¶"
32,-0.75,"[[1, -4]]",Bozo in√∫til https://t.co/zz5RqExiVO
33,-0.75,"[[1, -4]]",@caiorearte2 √â pro Bozo entender
34,-0.75,"[[1, -4]]","RT @reinaldoazevedo: Grosseiro e med√≠ocre, ministro da Educa√ß√£o fere Carta e Lei de Improbidade https://t.co/RtRqliHa1e via @UOLNoticias @U‚Ä¶"
35,-0.75,"[[1, -4]]","Bolsonaro trocou um ministro da Educa√ß√£o rid√≠culo por outro rid√≠culo e autorit√°rio:
‚ÄúMEC cortar√° verba de universidade por ‚Äòbalb√∫rdia‚Äô e ‚Äòbagun√ßa‚Äô‚Äù: 
https://t.co/s4GV5tXCD9"
36,-0.75,"[[1, -4]]","Sob Bolsonaro, sobe o risco de termos pol√≠ticas p√∫blicas tra√ßadas sem base em dados de realidade: ‚Äúa silenciosa (e triste) apatia do Brasil ante o corte de 25% no Censo 2020‚Äù
https://t.co/ksgALsIuKq"
37,-0.75,"[[1, -4]]","RT @gugachacra: O Holocausto √© imperdo√°vel. O genoc√≠dio cometido pelo regime nazista matou 6 milh√µes de judeus em escala industrial, al√©m d‚Ä¶"
38,-0.75,"[[1, -4]]","RT @MarceloAdnet: O presidente eleito com discurso de combate ao bandido est√° comemorando abertamente assassinato, tortura e diversos outro‚Ä¶"
39,-0.75,"[[1, -4]]","RT @cynaramenezes: a nova face do fascismo √© mis√≥gina, racista, homof√≥bica e tem √≥dio ao pobre https://t.co/cpR1HBpk0I"
40,-0.75,"[[1, -4]]",RT @TheInterceptBr: Datena e o jornalismo mundo c√£o vendem o √≥dio bolsonarista h√° 3 d√©cadas na TV https://t.co/PTcGfwodyQ por @jornalismowa‚Ä¶
41,-0.75,"[[1, -4]]","Um problema das fake news √© que elas se transformam muito rapidamente em bad news:
Mais da metade dos LGBT diz ter sofrido viol√™ncia desde as elei√ß√µes https://t.co/Zfbuqsq1dJ"
42,-0.75,"[[1, -4]]",RT @GeorgMarques: A face do bolsonarismo e o √≥dio √† ci√™ncia: o medo de uma pesquisadora e especialista na √°rea de Seguran√ßa P√∫blica como Il‚Ä¶
43,-0.75,"[[1, -4]]",RT @paulobetti3: Os brasileiros se dividem hoje entre : os que exigem justi√ßa aos assassinos de Marielle e os que a mataram.
44,-0.75,"[[1, -4]]",RT @PaolaCarosella: A morte de um jovem negro em m√£os de um seguran√ßa gera infinitamente menos indigna√ß√£o revolta e raiva que a morte de um‚Ä¶
45,-0.75,"[[1, -4]]","RT @xicosa: primoroso texto de @mariomagalhaes_ Li√ß√£o de jornalismo c/ a Hist√≥ria a nos guiar pelo retrovisor: 
A pris√£o de Lula, o √≥dio de‚Ä¶"
46,-0.75,"[[1, -4]]",Belo artigo: O atual ministro da Educa√ß√£o acredita nos nossos alunos? As consequ√™ncias das desastrosas declara√ß√µes sobre elite intelectual. https://t.co/1iijlu0JlP
47,-0.75,"[[1, -4]]","Livro Did√°tico: Bozo recua em menos de 24h. Recorde! 
https://t.co/kdmBDwlSyA"
48,-0.75,"[[1, -4]]",RT @GuilhermeBoulos: Bolsonaro atacou o MTST e o MST agora na Record. O presidente eleito manteve o discurso de √≥dio do candidato. √â import‚Ä¶
49,-0.75,"[[1, -4]]",TSE autoriza investiga√ß√£o contra Haddad por shows de Roger Waters - Confesso que amo Pink Floyd e odeio ditaduras: seria isso um crime? https://t.co/0WtWSluBgO
50,-0.75,"[[2, -5]]","O meu advers√°rio diz que entende de seguran√ßa mas como disse @MarceloFreixo ele s√≥ sabe falar de medo, √≥dio e raiva. Proposta que √© bom, quem tem somos n√≥s. https://t.co/diSYIa8miY"
51,-0.75,"[[1, -4]]",N√£o aprende. Mentiroso. Passou a campanha fugindo do debate por isso. A palavra desse homem n√£o para em p√©. https://t.co/6yiYA0CTQe
52,-0.75,"[[1, -4]]","Quero pedir ao povo brasileiro que n√£o se deixe levar pelo √≥dio e pela mentira. Sou um professor que vive de sal√°rio, com 18 anos de servi√ßos prestados ao Brasil. Vamos virar essa elei√ß√£o, corrigir os erros e retomar os acertos. O √≥dio n√£o vai levar o Brasil a lugar nenhum."
53,-0.75,"[[1, -4]]","Bolsonaro n√£o √© capaz de enfrentar um debate. Est√° h√° 28 anos no Congresso s√≥ vomitando √≥dio. Desejo muita sa√∫de a ele, porque j√° que n√£o aprendeu nada nos √∫ltimos 30 anos, que viva mais 30 porque um dia ele vai aprender. Um dia ele vai aprender."
54,-0.75,"[[1, -4]]","Nossa proposta para a seguran√ßa √© objetiva. Hoje, a atribui√ß√£o da seguran√ßa p√∫blica √© dos governos estaduais. E n√≥s defendemos a Pol√≠cia Federal no combate ao crime organizado, liberando as pol√≠cias militares para combater crimes de roubo, homic√≠dios e estupros. #HaddadNoSBT"
55,-0.75,"[[1, -4]]","O Brasil que vivemos por 12 anos juntos n√£o tem nada a ver com as mentiras de Bolsonaro. Resgate na sua mem√≥ria como era sua vida a pouco tempo atr√°s. N√£o deixe o √≥dio cegar, vamos reconstruir esse pa√≠s juntos. #Haddad13 https://t.co/VzPIvcSGVl"
56,-0.75,"[[1, -4]]","Ningu√©m quer dar mole pra bandido, mas a solu√ß√£o n√£o √© armar a popula√ß√£o. O caminho √© a Pol√≠cia Federal assumir o combate ao crime organizado."
57,-0.75,"[[1, -4]]","Jair Bolsonaro n√£o tem qualifica√ß√£o para ser deputado, quanto mais presidente. S√£o 513 deputados e ele, sem sombra de d√∫vida, disputa como pior parlamentar."
58,-0.75,"[[1, -4]]","A candidatura do deputado Jair Bolsonaro √© vazia de propostas assim como seu mandato foi durante quase 30 anos de Congresso. Por isso, ele tem promovido uma campanha mentirosa e precisamos da sua ajuda para combater a campanha do √≥dio e da desinforma√ß√£o. Denuncie: 11 974028726 https://t.co/pubDbsDegB"
59,-0.75,"[[1, -4]]","Bolsonaro √© mentiroso. Porque ele n√£o me pergunta sobre kit gay no debate? √â uma mentira deslavada de quem n√£o tem projeto, s√≥ pensa em botar arma na m√£o da popula√ß√£o para ela se matar."
60,-0.75,"[[1, -4]]","Meu advers√°rio tem 28 anos na C√¢mara dos Deputados destilando √≥dio, o tempo inteiro, contra nordestino, contra mulher, contra petista. Ele √© um homem impr√≥prio para o debate democr√°tico."
61,-0.75,"[[1, -4]]","Meu advers√°rio defende torturador at√© hoje, mesmo sabendo que nos por√µes da ditadura aconteciam estupros contra as mulheres presas."
62,-0.75,"[[1, -4]]",Um dia amargo para a democracia. A cultura do √≥dio precisa ser interrompida urgentemente. https://t.co/P3Haq8gCM7
63,-0.75,"[[1, -4]]",Desde que chegamos ao governo o que precisa ser investigado √© investigado doa a quem doer. O que n√£o pode √© partidarizar a Justi√ßa. N√£o pode um juiz perseguir os inimigos e ajudar os amigos. #Haddad√â13 #DebateNaGlobo
64,-0.75,"[[1, -4]]","Eu queria alertar a todos, se algu√©m receber mensagem mentirosa, ligue para n√≥s, denuncie. Eles est√£o espalhando mentiras contra a fam√≠lia, contra a escola p√∫blica, contra professoras... N√£o deixe prosperar as mentiras no WhatsApp. https://t.co/WFuMLjGzan"
65,-0.75,"[[1, -4]]","Not√≠cia mentirosa: Por 2¬∫ turno, PT e PSL j√° cortejam Meirelles via @UOLPolitica @UOL  https://t.co/Tn3YzkEnqZ"
66,-0.75,"[[1, -4]]","Espero que o PSDB n√£o v√° sabotar o governo eleito como fez em 2014. O presidente do PSDB assumiu essa culpa ontem. Admitiu um crime contra a democracia, admitiu aprovar uma pauta contra o pa√≠s. #HaddadNoJN"
67,-0.75,"[[1, -4]]",Em 2016 esse pa√≠s tirou uma presidenta legitimamente eleita para colocar o Michel Temer. Da mesma forma em 2016 elegeram Jo√£o D√≥ria. O golpe transformou o PT no dem√¥nio do pa√≠s. E pergunte aos eleitores se hoje eles n√£o se arrependem. #HaddadNoJN
68,-0.75,"[[1, -4]]","Investigado por investigado, a Rede Globo √© investigada. #HaddadNoJN"
69,-0.75,"[[1, -4]]","STF absolve por unanimidade Gleisi de acusa√ß√£o de propina na Lava Jato. Como reparar todos os constrangimentos que essa guerreira sofreu ao longo de anos? Os milion√°rios delatores mentirosos perder√£o suas regalias?
https://t.co/hYHLvF1xzL"
70,-0.75,"[[2, -5]]","RT @MidiaNINJA: Em Curitiba, milhares de brasileiras e brasileiros est√£o na Pra√ßa Santos Andrade para grande ato de Dia dos Trabalhadores e‚Ä¶"
71,-0.75,"[[1, -4]]",Jornalismo Nutella: D√≥ria culpa Tribunal de Contas pelo seu desempenho e o que faz a Folha dois dias depois? Mat√©ria atacando o tribunal: ‚ÄúTribunal de Contas da cidade de SP acumula mordomia e supersal√°rios‚Äù. https://t.co/2DnS3JhwyF via @folha
72,-0.75,"[[1, -4]]",Gest√£o Doria leva 50% mais tempo para resolver problemas de zeladoria do 156. Adivinha em quem a atual gest√£o p√¥s a culpa. https://t.co/xfq07x8Qi3
73,-0.5,"[[1, -3]]","RT @Savagefiction: Silvio Santos √© a express√£o do racismo cordial: adora ter pretos por perto, se diverte enquanto zomba das suas caracter√≠‚Ä¶"
74,-0.5,"[[2, -4]]","De mal a pior: 'Rock leva ao aborto e ao satanismo', diz novo presidente da Funarte https://t.co/1oiyMbPl5w"
75,-0.5,"[[1, -3]]",Artigo de Bruno Ramos sobre Parais√≥polis: a √∫nica pol√≠tica de Estado pra quebrada √© o terror https://t.co/ElGhOn700T
76,-0.5,"[[1, -3]]","Mem√≥ria: Em outubro de 2018, a Folha distribuiu comunicado interno em que afirmava n√£o haver, na disputa eleitoral brasileira, nenhuma candidatura que se enquadrasse na categoria de ‚Äúextrema direita‚Äù.  Vale reler o texto da Ombudsman Paula Cesarino Costa. 
https://t.co/k4RdVq2oTZ"
77,-0.5,"[[1, -3]]","Integrantes da For√ßa-Tarefa da Lavajato eram corrompidos para proteger investigados, revelam di√°logos interceptados pela PF. Propina chegava a R$ 200 mil por m√™s!
https://t.co/Pmk5q3WuGY via @UOLNoticias @UOL"
78,-0.5,"[[1, -3]]","RT @tarsogenro: Oi Marta, √© o caso em que opacote √© pior que nada: estimula demiss√£o dos + velhos, substitu√≠veis por + jovens, com sal√°rios‚Ä¶"
79,-0.5,"[[1, -3]]","RT @gduvivier: quando um ladr√£o armado ‚Äúpede‚Äù um celular, √© assalto. quando o ex√©rcito ‚Äúpede‚Äù uma ren√∫ncia, √© golpe."
80,-0.5,"[[1, -3]]","RT @_pinheira: N√£o √© sobre gostar ou n√£o do PT, est√∫pido!
N√£o √© sobre gostar do Lula.
N√£o √© sobre aprovar o governo Dilma.
√â sobre essa gan‚Ä¶"
81,-0.5,"[[1, -3]]","RT @KennedyAlencar: Come√ßou a hist√≥ria de igualar Lula a Bolsonaro. √â a falsa isen√ß√£o, o falso equil√≠brio. Lula √© um moderado de esquerda c‚Ä¶"
82,-0.5,"[[1, -3]]","O STF j√° declarou que:
1) a condu√ß√£o coercitiva de Lula foi ilegal;
2) o vazamento das conversas com a Dilma foi ilegal;
3) o impedimento de que Lula tomasse posse como ministro foi manipulado.
Falta declarar:
4) a suspei√ß√£o de Moro por parcialidade."
83,-0.5,"[[1, -3]]",Mit√¥mano - Bolsonaro d√° 1 declara√ß√£o falsa ou imprecisa a cada 4 dias; veja o Bolson√¥metro https://t.co/lC6MGdbd46
84,-0.5,"[[1, -3]]",RT @gduvivier: aquelas lives q o lula fazia as 4 da manh√£ amea√ßando n√£o renovar concess√£o de tv que fazia jornalismo podre https://t.co/xwE‚Ä¶
85,-0.5,"[[1, -3]]","TheGuardian: Fakenews durante a elei√ß√£o no Brasil favoreceram Bolsonaro: Em uma amostra de 11.957 mensagens virais compartilhadas em 296 grupos de WhatsApp no per√≠odo da campanha, aproximadamente 42% dos itens da direita continham informa√ß√µes falsas.
https://t.co/f4nCmbjLAG"
86,-0.5,"[[1, -3]]","Minha coluna da semana sobre o papel do STF e as amea√ßas velada ou n√£o que vem sofrendo. 
https://t.co/Ey0arLJ5Vs"
87,-0.5,"[[1, -3]]",RT @LulaOficial: ‚ÄúDe uma vez por todas √© preciso afirmar: quem investigou a morte de Celso Daniel foi a Pol√≠cia Civil de S√£o Paulo e a Pol√≠‚Ä¶
88,-0.5,"[[2, -4]]","#SallesCriminoso: Sem chefe por 6 meses, departamento de emerg√™ncias ambientais ganhou diretor 35 dias ap√≥s crise das manchas come√ßar | Desastre Ambiental: petr√≥leo nas praias do Nordeste | G1 https://t.co/Hf0s5JxQAf"
89,-0.5,"[[1, -3]]","RT @nytimes: In Opinion

Timothy Snyder writes: Hitler and the Nazis found a simple slogan they repeated again and again to discredit repor‚Ä¶"
90,-0.5,"[[1, -3]]","RT @revistapiaui: ""Efeito Bolsonaro"" afasta turistas europeus do Brasil e prejudica neg√≥cios. Maria da Silva, chefe de produto numa ag√™ncia‚Ä¶"
91,-0.5,"[[1, -3]]",RT @camposmello: Operadoras devem informar ao TSE linhas de ag√™ncias suspeitas de disparos pelo WhatsApp - pedido do juiz mostra que n√£o qu‚Ä¶
92,-0.5,"[[1, -3]]","Membros da Lava Jato ligados √† Receita Federal extorquiam empres√°rios investigados e lavavam dinheiro com im√≥veis, viagens e at√© bike de luxo.  https://t.co/2wtV5NKENg via @UOLNoticias @UOL"
93,-0.5,"[[1, -3]]","RT @LiraNeto_: Bolsonaro arrasou no discurso da ONU! Arrasou com o que restava de nossa reputa√ß√£o internacional. Uma fala tosca, mal redigi‚Ä¶"
94,-0.5,"[[2, -4]]","RT @jeferson: Uma das cenas mais pat√©ticas da hist√≥ria da ONU: Bolsonaro ficou 1 hora no corredor esperando Trump passar para conversar, co‚Ä¶"
95,-0.5,"[[1, -3]]",RT @laurentinogomes: Para quem acha que a morte de uma menina negra de oito anos com um tiro pelas costas no RJ foi mero acidente. Do meu n‚Ä¶
96,-0.5,"[[1, -3]]","Entrevista que dei a CBN para o Kennedy Alencar, Roberto Nonato Paula Martini: ‚ÄòSe a gente come√ßar a se ofender, a gente n√£o vai longe‚Äô, diz Haddad https://t.co/6zn8mc7ipX"
97,-0.5,"[[1, -3]]","RT @folha: Drauzio Varella @drauziovarella | Mal come√ßamos a entender a diversidade sexual humana, vozes medievais emergiram das catacumbas‚Ä¶"
98,-0.5,"[[1, -3]]","Depois de Crivella, Doria sofre derrota por a√ß√£o obscurantista. https://t.co/Lp9ThzOo4f"
99,-0.5,"[[1, -3]]","RT @LulaOficial: No dia 16 de mar√ßo de 2016, o juiz S√©rgio Moro n√£o s√≥ cometeu um crime. Produziu uma farsa, enganando todo o Brasil, para‚Ä¶"
100,-0.5,"[[1, -3]]","Alberto Goldman era um democrata. Em tempos sombrios, sua aus√™ncia ser√° sentida ainda mais."
101,-0.5,"[[1, -3]]",Minha coluna desta semana fala do combate √† corrup√ß√£o antes da LavaJato. https://t.co/dWGAmkPPXm
102,-0.5,"[[1, -3]]","RT @laurojardim: ""New York Times"" chama Bolsonaro de ""o menor e mais insignificante dos l√≠deres"" | Lauro Jardim - O Globo https://t.co/zZ9J‚Ä¶"
103,-0.5,"[[1, -3]]","RT @APellegrino1: O fato de uma pessoa tentar ofender uma mulher por sua apar√™ncia f√≠sica, por si s√≥ j√° √© vergonhoso. Quando essa pessoa √©‚Ä¶"
104,-0.5,"[[1, -3]]","Amaz√¥nia em chamas: Durante discurso sobre Amaz√¥nia na TV, Bolsonaro estava em show de com√©dia https://t.co/3sY6m0xHtW via @UOLNoticias @UOL"
105,-0.5,"[[1, -3]]",A maior amea√ßa concreta √† soberania nacional √© o pr√≥prio Bolsonaro e seu governo antinacional e antissocial. Devia parar de falar e agir para conter os estragos que j√° promoveu.
106,-0.5,"[[1, -3]]",RT @Marcelodedois: Algu√©m ainda tem d√∫vidas de que esse √© o falso Messias que a B√≠blia falou ? Queima Babylonia https://t.co/Bl7jpI1CZ8
107,-0.5,"[[1, -3]]","RT @LulaOficial: #TimeLula traduz: Brasil (antes do golpe) era l√≠der contra mudan√ßas clim√°ticas, agora (com Bolsonaro) √© amea√ßa. #PrayforAm‚Ä¶"
108,-0.5,"[[1, -3]]",RT @MarinaSilva: A Amaz√¥nia est√° em chamas. O Ministro do Meio Ambiente fala em fake news e sensacionalismo. O presidente diz que ONGs pode‚Ä¶
109,-0.5,"[[1, -3]]",RT @dailypunch81: O maligno sendo retratado em charges mundiais https://t.co/Pwcbraa0YV
110,-0.5,"[[1, -3]]","Bolsonaro afirmou que o erro da ditadura brasileira foi n√£o ter matado 30 mil, n√£o por coincid√™ncia o n√∫mero de mortos pela ditadura argentina. Macri jamais poderia ter se aproximado de Bolsonaro. Um insulto √† mem√≥ria que l√° n√£o se aceita como aqui."
111,-0.5,"[[1, -3]]","Se isso n√£o tiver consequ√™ncia, nada mais ter√°. A Rep√∫blica √† merc√™ de delinquentes. 
Lava Jato planejou buscar na Su√≠√ßa provas contra Gilmar Mendes | Brasil | EL PA√çS Brasil https://t.co/izyeVX0Jt3"
112,-0.5,"[[1, -3]]",Bolsonaro transfere ocean√≥grafo especialista em golfinhos de Fernando de Noronha para sert√£o de Pernambuco. Motiva√ß√£o gera suspeita de conluio com empres√°rios. https://t.co/qd13Wf2e86
113,-0.5,"[[1, -3]]","Fascismo em marcha for√ßada:
Presidente da OAB recebe amea√ßa e pede que PF investigue https://t.co/K6wjGysMZM"
114,-0.5,"[[1, -3]]","RT @lucasfferraz: Conversei com Gherardo Colombo, √∫nico juiz italiano que atuou na M√£os Limpas do in√≠cio ao fim, sobre corrup√ß√£o, Lava Jato‚Ä¶"
115,-0.5,"[[1, -3]]","RT @andrefran: Olha o n√≠vel...
S√≥ hoje tivemos NYTimes, Washington Post e CNN condenando os ataques de Bolsonaro a Glenn Greenwald e √† libe‚Ä¶"
116,-0.5,"[[1, -3]]","Acuado por esc√¢ndalos em s√©rie envolvendo familiares e ministros, Bolsonaro ser√° uma amea√ßa permanente √†s institui√ß√µes. 
'No meu entender, cometeu crime', diz Bolsonaro sobre Glenn Greenwald | Pol√≠tica | G1 https://t.co/MfJ3ShoQyw"
117,-0.5,"[[1, -3]]",Vejo isso como uma amea√ßa do presidente da Rep√∫blica ao presidente da OAB. Grotesco! https://t.co/MRxWAMS66G
118,-0.5,"[[1, -3]]","Enquanto negociava cargo no governo, Moro agia politicamente nas elei√ß√µes. Como pode permanecer na fun√ß√£o? 
Moro achava fraca dela√ß√£o de Palocci que divulgou √†s v√©speras de elei√ß√£o, sugerem mensagens https://t.co/GBFadyt4ry"
119,-0.5,"[[1, -3]]","RT @elpais_brasil: O Brasil assumiu o lugar da China como vil√£o ambiental. Neste s√°bado, o presidente brasileiro declarou que apenas ‚Äúvegan‚Ä¶"
120,-0.5,"[[1, -3]]","RT @Haddad_Fernando: Minha coluna da semana na Folha sobre os ataques do governo √† ci√™ncia e √† cultura.  
https://t.co/wBQ3JOFiEZ"
121,-0.5,"[[1, -3]]",RT @ggreenwald: @davidmirandario A teoria dele √© insana: casei com David 14 anos atr√°s pq eu previa que precisaria disso no futuro. E suger‚Ä¶
122,-0.5,"[[1, -3]]","RT @ggreenwald: Ao contr√°rio dos desejos de Bolsonaro, ele n√£o √© (ainda) um ditador. Ele n√£o tem o poder de ordenar pessoas presas. Ainda e‚Ä¶"
123,-0.5,"[[1, -3]]","A impress√£o que eu tenho √© de que Deltan n√£o dava palestras propriamente, mas vendia rela√ß√µes e informa√ß√µes privilegiadas para empresas investigadas e bancos, respectivamente."
124,-0.5,"[[1, -3]]","Minha coluna da semana na Folha sobre os ataques do governo √† ci√™ncia e √† cultura.  
https://t.co/wBQ3JOFiEZ"
125,-0.5,"[[1, -3]]",RT @iago_une: Em quem devemos confiar: no que diz que vai destruir as provas ou na que coloca seu celular √† disposi√ß√£o da justi√ßa? #EuApoio‚Ä¶
126,-0.5,"[[1, -3]]","Moro foi impedido de destruir ilegalmente provas contra si. Seria ir√¥nico se agora, al√©m da @folha e da @VEJA, a pr√≥pria PF atestasse a autenticidade das mensagens da #VazaJato. @SF_Moro tic-tac https://t.co/i95IcPJnRQ"
127,-0.5,"[[1, -3]]","RT @ggreenwald: Sergio Moro pode destruir - de novo - a evid√™ncia que eles t√™m. Mas ele n√£o pode destruir a evid√™ncia que nos temos, nem im‚Ä¶"
128,-0.5,"[[1, -3]]","RT @folha: Bruno Boghossian | Quando era deputado, Bolsonaro afirmava que a solu√ß√£o para a fome, a mis√©ria e a viol√™ncia era esterilizar os‚Ä¶"
129,-0.5,"[[1, -3]]","RT @JamilChade: Aliado aos piores regimes do mundo, membro de movimentos racistas, incapaz de desenhar a fronteira entre religi√£o e estado‚Ä¶"
130,-0.5,"[[1, -3]]","RT @ggreenwald: O Brasil quer ser um pa√≠s governado por falsifica√ß√µes primitivas, desinforma√ß√£o e not√≠cias falsas? N√£o importa a sua ideolo‚Ä¶"
131,-0.5,"[[1, -3]]","RT @luizguiprado: @CarlosBolsonaro Porra Carlos, existe uma diferen√ßa enorme entre correntes de ar frio (fen√¥menos regionais e tempor√°rios)‚Ä¶"
132,-0.5,"[[1, -3]]","Em entrevista de 2015, irm√£o de Bolsonaro disse que o pai nunca deixou os filhos trabalharem. Jair n√£o s√≥ mentiu sobre trabalho infantil como entendeu que a recomenda√ß√£o era para a vida toda. https://t.co/b4f2sB94Jg"
133,-0.5,"[[1, -3]]","Moro age para intimidar o jornalista que o investiga. Pr√°tica √© comum em ditaduras. Glenn disse que n√£o recua, apesar das amea√ßas. Moro, na C√¢mara, reconhece ‚Äòalgumas‚Äô das mensagens divulgadas. https://t.co/71MN4fk3tF"
134,-0.5,"[[2, -4]]",RT @LulaOficial: Moro √© mentiroso. Dallagnol √© mentiroso.  E a Globo est√° tentando salvar os dois. #LulaLivreDomingoSDV https://t.co/wc6WfU‚Ä¶
135,-0.5,"[[1, -3]]","Fernando Haddad
Fl√°vio Dino
Guilherme Boulos
Ricardo Coutinho
Roberto Requi√£o
S√¥nia Guajajara 
Opini√£o: A corrup√ß√£o da Lava Jato https://t.co/KaIe4RlKt9"
136,-0.5,"[[1, -3]]",RT @LulaOficial: Juristas europeus assinam manifesto pela liberdade de Lula e contra a farsa que foi seu julgamento por Moro. #LulaLivreSeg‚Ä¶
137,-0.5,"[[1, -3]]",Lilia Schwarcz: ‚ÄúO Judici√°rio foi usado como vingan√ßa e impediu que a democracia siga seu curso‚Äù https://t.co/mjU78csAJX via @elpais_brasil
138,-0.5,"[[1, -3]]","Di√°logo de Moro √© ilegal, imoral e vetado no mundo todo, dizem juristas https://t.co/saRQ6IDYxs via @UOLNoticias @UOL"
139,-0.5,"[[1, -3]]",Minist√©rio P√∫blico v√™ viola√ß√µes  √† Constitui√ß√£o em bozonota do MEC que amea√ßa estudantes. https://t.co/l8ip6lvgqO
140,-0.5,"[[1, -3]]","Entrevista que dei ao @Brasil_de_Fato: o ataque n√£o √© apenas contra a educa√ß√£o, mas contra toda reflex√£o cr√≠tica. https://t.co/Avdsje2vPq"
141,-0.5,"[[1, -3]]","‚ÄúQuando certa manh√£ Gregor Samsa, que era uma barata gigante, acordou de sonhos intranquilos, encontrou-se em sua cama metamorfoseado numa esp√©cie monstruosa de presidente da Rep√∫blica‚Äù. Franz Kafta
https://t.co/TmOVBGKxYK"
142,-0.5,"[[1, -3]]",Jair Bolsonaro e seu filho Fl√°vio nomearam doze parentes in√∫teis na C√¢mara e na Alerj em suposto esquema de ‚Äúrachadinha‚Äù investigado pelo Minist√©rio P√∫blico Federal https://t.co/rYaITiPxRp
143,-0.5,"[[1, -3]]","Novos casos suspeitos: √â preciso investigar a evolu√ß√£o patrimonial dos Bolsonaro 
https://t.co/U7tcQIzwpy"
144,-0.5,"[[1, -3]]",RT @folha: ENTREVISTA NA PRIS√ÉO | Lula foi condenado por corrup√ß√£o e lavagem de dinheiro no caso do tr√≠plex de Guaruj√°. O ex-presidente fal‚Ä¶
145,-0.5,"[[1, -3]]","RT @folha: ENTREVISTA NA PRIS√ÉO | Lula foi condenado por corrup√ß√£o e lavagem de dinheiro no caso do tr√≠plex de Guaruj√°. Em entrevista, o ex‚Ä¶"
146,-0.5,"[[1, -3]]","RT @ManuelaDavila: 1)Parece ignor√¢ncia mas √© um projeto: o governo tomou medidas para destruir o cinema nacional, os teatros, os museus. Li‚Ä¶"
147,-0.5,"[[1, -3]]","O Rasputin tupiniquim continua aprontando:
‚ÄúAtaque de Olavo a militares faz aliados de Bolsonaro falarem em situa√ß√£o limite‚Äù. 
https://t.co/nRjtOswMY8"
148,-0.5,"[[1, -3]]","Marcha √† r√©: Bolsonaro volta atr√°s e deleta do seu canal v√≠deo com ataques de Olavo a militares. 
https://t.co/hD0jYEiRta"
149,-0.5,"[[1, -3]]","Bolsonaro, na campanha eleitoral, mentiu sobre Petrobras e diz, agora, ter 'simpatia inicial' por privatiza√ß√£o da companhia. 
https://t.co/1lKc31YaJC"
150,-0.5,"[[1, -3]]","RT @LulaOficial: ‚ÄúPara tirar o PT do governo, classes dominantes atacaram a democracia, abalaram as institui√ß√µes e quem sofre √© o povo‚Äù. Ma‚Ä¶"
151,-0.5,"[[1, -3]]","RT @FlavioDino: Crescem na pr√°tica os sinais de um Estado militar e policialesco no Brasil. Tiros, armas, a ideia falsa de que somente mili‚Ä¶"
152,-0.5,"[[1, -3]]","Mais de Paulo Freire, considerado inimigo pelo presidente mais burro da nossa hist√≥ria, segundo DataFolha: ‚ÄúComo o legado do educador brasileiro √© visto no exterior‚Äù 
https://t.co/tiYReGnqMc"
153,-0.5,"[[1, -3]]","RT @folha: Por que o Brasil de Olavo e Bolsonaro v√™ em Paulo Freire um inimigo

Bi√≥grafo analisa hostilidade contra o educador, em alta nos‚Ä¶"
154,-0.5,"[[1, -3]]","RT @gugachacra: Prefeito de NY, Bill de Blasio, chama Bolsonaro de ser humano perigoso e pede ao Museu de Hist√≥ria Natural que cancele even‚Ä¶"
155,-0.5,"[[1, -3]]","Subservi√™ncia sem fim: Ara√∫jo veta homenagem de formandos do Itamaraty ao diplomata Jos√© Mauricio Bustani, que denunciou fake news americana sobre armas qu√≠micas que justificou guerra contra Iraque.  https://t.co/EwweJrmM2V"
156,-0.5,"[[1, -3]]","Ricupero, um dos mais respeitados embaixadores brasileiros no exterior, analisa os 100 dias que mudaram para muito pior a posi√ß√£o do Brasil no mundo. 
 https://t.co/DMKOvaxzRo via @UOLNoticias @UOL"
157,-0.5,"[[1, -3]]","RT @gerdwenzel: Pl√°gio dos anos 30 na Alemanha: √© s√≥ trocar ""comunistas"" por ""judeus"". https://t.co/XmD09BtYAc"
158,-0.5,"[[1, -3]]","RT @blogdosakamoto: Um alento para o futuro: o desprezo em celebrar o golpe militar √© maior entre os mais jovens. Segundo o Datafolha, 64%‚Ä¶"
159,-0.5,"[[1, -3]]",RT @eduardomoreira: Eu entendo Bolsonaro n√£o acreditando nos n√∫meros quando saiu o total de desempregados. Eu fiquei assim tambem quando sa‚Ä¶
160,-0.5,"[[1, -3]]","Imbecil inconsequente: ‚ÄúAp√≥s dizer que Hamas deveria explodir, Fl√°vio Bolsonaro recua e apaga publica√ß√£o.‚Äù https://t.co/SYp43C4P2R"
161,-0.5,"[[1, -3]]","RT @tabataamaralsp: Para cumprir a meta fiscal, o governo cortou R$ 5,8 bilh√µes da Educa√ß√£o, a pasta mais prejudicada. Com isso, j√° n√£o cor‚Ä¶"
162,-0.5,"[[1, -3]]","Isso √© um acinte! Humilhante sob todos os aspectos e inimagin√°vel em outros pa√≠ses que viveram o mesmo pesadelo. 
#ditaturanuncamais https://t.co/Jj8xN4UqgM"
163,-0.5,"[[1, -3]]","A maior crise pela qual passa este governo √© no MEC. O presidente n√£o tem pulso para demitir e o ministro n√£o tem vergonha na cara para demitir-se.
‚ÄúV√©lez fica no cargo, mas n√£o pode nomear mais ningu√©m‚Äù. @estadao:  https://t.co/WRoN6DOnsh"
164,-0.5,"[[1, -3]]","RT @monicabergamo: Pobres ser√£o os mais prejudicados pela reforma da Previd√™ncia de Bolsonaro, dizem especialistas.
https://t.co/ZXflWdOUu2"
165,-0.5,"[[1, -3]]","Nos EUA, apesar de prometer combater fakenews, Bolsonaro cita informa√ß√µes falsas sobre imigra√ß√£o e antiamericanismo. Conhe√ßa as principais mentiras: https://t.co/CosN3NhCES #factchecking via @aosfatos"
166,-0.5,"[[1, -3]]","RT @MarinaSilva: O desmatamento da Amaz√¥nia cresceu 54% no 1¬∫ m√™s do governo Bolsonaro, em compara√ß√£o com janeiro de 2018. Os ataques do at‚Ä¶"
167,-0.5,"[[1, -3]]","RT @screamyell: Antes de zerar morte por tr√°fico, Uruguai proibiu programas policiais (como o Cidade Alerta). Mujica vetou a exibi√ß√£o de at‚Ä¶"
168,-0.5,"[[1, -3]]","ELEMENTAR - Assassinato de Marielle pode ter mandante, diz Moro - https://t.co/pLVZ1nb2Hc"
169,-0.5,"[[1, -3]]","Mat√©ria in√∫til para terraplanistas.
Pedofilia: como o tratamento feito no Brasil pode ajudar a prevenir crimes | Ci√™ncia e Sa√∫de | G1 https://t.co/AiBP1yNgJz"
170,-0.5,"[[1, -3]]","Para lembrar ‚ÄúJungmann: Envolvimento de poderosos na morte de Marielle √© certeza‚Äù
https://t.co/HzHU0jJaHt"
171,-0.5,"[[1, -3]]","RT @ManuelaDavila: Dois policiais s√£o presos na Barra da Tijuca, suspeitos de executarem Marielle Franco. Um deles mora no mesmo condom√≠nio‚Ä¶"
172,-0.5,"[[1, -3]]",RT @vtorresfreire: Lombadas e bananas foram assunto do primeiro live de Bolsonaro. Bananas importadas afetam o Vale Ribeira em que passou s‚Ä¶
173,-0.5,"[[1, -3]]","Ser√° que o destempero de Bolsonaro tem a ver com a morte de Marielle e Anderson que, esta semana, completa um ano, sem que as autoridades solucionem o caso? Siga a sequ√™ncia... https://t.co/ffSTdAhaTY"
174,-0.5,"[[1, -3]]","Para desviar foco do laranjal e das mil√≠cias, Bolsonaro usa declara√ß√£o falsa para atacar imprensa @estadao:  https://t.co/reKm32mUvB"
175,-0.5,"[[1, -3]]","RT @raullsantiago: ESSE V√çDEO √â MEU. ESSA VOZ SOU EU! ESSE TERROR SOU EU QUE VIVO, SOMOS N√ìS QUE VIVEMOS, POR CAUSA DE VOC√äS QUE APLAUDEM E‚Ä¶"
176,-0.5,"[[1, -3]]",Ret√≥rica anti-China de Bolsonaro trava uso de fundo bilion√°rio no Brasil e prejudica investimentos em infraestrutura - https://t.co/QUgpU90ggm
177,-0.5,"[[1, -3]]","Como classificar um governo que incita a viol√™ncia contra professores, artistas e cientistas?"
178,-0.5,"[[3, -5]]","RT @TheInterceptBr: No altar de Jair Bolsonaro, h√° uma lista com ladr√µes, assassinos, torturadores e um ped√≥filo que ganharam elogios p√∫bli‚Ä¶"
179,-0.5,"[[1, -3]]",Aula de diplomacia do pior chanceler do mundo: ‚ÄúDiplomata brasileiro √© demitido ap√≥s republicar textos que debatem crise na Venezuela‚Äù https://t.co/iJHQ6Tkz2d
180,-0.5,"[[1, -3]]",Bozonazis tentam responsabilizar Lula pela morte do neto e produzem a pior Fake News de todas at√© aqui. https://t.co/VzefXmYN4g
181,-0.5,"[[1, -3]]",Esse domingo vou √† missa pedir prote√ß√£o ao povo contra os falsos messias. https://t.co/AxdK7xkgoP
182,-0.5,"[[1, -3]]",Um governo bisonho: 7 fatos sobre o ditador ‚Äî e ped√≥filo em s√©rie ‚Äî elogiado por Bolsonaro.  https://t.co/tJGWbOqecj
183,-0.5,"[[1, -3]]","RT @arielpalacios: E em nossa sess√£o ¬®O Atacad√£o do Thread¬®, hoje vamos com ...

O ped√≥filo ditador e seu har√©m de meninas. https://t.co/9E‚Ä¶"
184,-0.5,"[[1, -3]]",Agroneg√≥cio e geopol√≠tica: os tolos no comando. China sinaliza US$ 30 bi em compras dos EUA e amea√ßa exporta√ß√µes do Brasil https://t.co/abU6S9S5kH
185,-0.5,"[[1, -3]]","Estafetas de Trump, posi√ß√£o dos Bolsonaro √© derrotada pelo Grupo de Lima, que rejeita a√ß√£o militar na Venezuela, apesar de press√£o americana. Como disse Lula, Maduro √© problema dos venezuelanos, n√£o dos norte-americanos. https://t.co/7jVEgN7nHn"
186,-0.5,"[[1, -3]]","Os podres do laranjal: Como deputado, o hoje senador Bolsonaro homenageou pelo menos 23 policiais e militares declarados culpados ou em julgamento por crimes que v√£o de homic√≠dio a corrup√ß√£o. https://t.co/MZwy5OL7mS"
187,-0.5,"[[1, -3]]",RT @monicabergamo: O padre Rodrigo Maria acaba de ser expulso da igreja pelo papa. Ele √© suspeito de abusar sexualmente de ex-freiras. O pa‚Ä¶
188,-0.5,"[[1, -3]]","Inacredit√°vel: Bolsonaro mentiu ao negar conversas com Bebianno, mostram √°udios @estadao:  https://t.co/11dJ8tR9s8"
189,-0.5,"[[2, -4]]",Triste mais esse epis√≥dio que nos priva do profissionalismo de Boechat. Meus sentimentos √†s fam√≠lias do jornalista e do piloto. Que Deus os acolha.
190,-0.5,"[[1, -3]]","Pesquisadora canadense explica pol√≠tica de extrema-direita na √°rea da seguran√ßa. Lei anticrime de Moro rende votos, mas √© populismo punitivo e visa vingan√ßa. 
https://t.co/QeZv0Hp4nC via @UOLNoticias @UOL"
191,-0.5,"[[1, -3]]",RT @reinaldoazevedo: Meu artigo na @folha @folha_poder desta sexta: o plano de Moro estimula a viol√™ncia https://t.co/TsiGli3oJk
192,-0.5,"[[1, -3]]","Li o pacote anticrime do Moro: para quem esperava o Plano Real da Seguran√ßa, que viesse solucionar problemas relativos √† criminalidade, letalidade policial, genoc√≠dio da popula√ß√£o negra, superpopula√ß√£o carcer√°ria etc., as medidas anunciadas s√£o frustrantes e contraproducentes."
193,-0.5,"[[1, -3]]",RT @caetanoveloso: Quem quer que me leia deveria ler a entrevista de #Jos√©MiguelWisnik √† @folhadespaulo: tudo o que me tem levado a chorar‚Ä¶
194,-0.5,"[[1, -3]]",Esc√¢ndalo Fl√°vio Bolsonaro explica ataque contra transpar√™ncia p√∫blica. Lei de Acesso √† Informa√ß√£o e a√ß√µes do Coaf amea√ßadas. https://t.co/6DbX2laXhf
195,-0.5,"[[1, -3]]","O Estad√£o est√° bastante chateado com o desempenho de Bolsonaro em Davos. Segundo o jornal, o rapaz demonstrou despreparo f√≠sico e psicol√≥gico. Fraquejou, mas pelo menos n√£o desmaiou.  https://t.co/1VJUAbCJux"
196,-0.5,"[[1, -3]]","RT @JornalOGlobo: ‚ö°Ô∏è ‚ÄúFl√°vio Bolsonaro e suspeitos de liga√ß√£o com o assassinato de Marielle‚Äù

https://t.co/NbhtBD8HxL"
197,-0.5,"[[1, -3]]","RT @snesfca: ""S√≥ que ai veio a primeira guerra mundial e na primeira guerra mundial o pr√≥prio Marx percebeu""

Karl Marx:
- nascimento: 5 de‚Ä¶"
198,-0.5,"[[1, -3]]","RT @BernardoMF: Para defender o decreto das armas, ministro contestou estudos e apresentou dados falsos. As pr√°ticas t√™m sido comuns neste‚Ä¶"
199,-0.5,"[[1, -3]]","@_Vinicius_Neves O Brasil n√£o conheceu propriamente a pr√©-modernidade, mas durante a coloniza√ß√£o portuguesa o genoc√≠dio da popula√ß√£o nativa foi um per√≠odo de trevas, para n√£o falar da escravid√£o. Estude, vale a pena."
200,-0.5,"[[1, -3]]","Ibama anula multa ambiental de Bolsonaro, aplicada por fiscal comunista, e processo volta √† estaca zero. ""Ele n√£o foi multado por pescar. Ele foi multado porque estava com uma vara de pesca. O fiscal presumiu que ele estava pescando‚Äù. https://t.co/y4mNYjZzYs"
201,-0.5,"[[1, -3]]","De Philipp Lichterbeck da Deutsche Welle: ‚ÄúNo Brasil, est√° na moda um anti-intelectualismo que lembra a Inquisi√ß√£o. Seus representantes preferem Silas Malafaia a Immanuel Kant. Os ataques miram o pr√≥prio esclarecimento‚Äù.
https://t.co/aXDVX7jfru Brasil, um pa√≠s do passado"
202,-0.5,"[[1, -3]]","RT @minc_rj: Come√ßou ataque aos Indios: foi invadida a √°rea dos Arara, em Uruar√°, Par√°. Por centenas de grileiros, madeireiros e criminosos‚Ä¶"
203,-0.5,"[[1, -3]]",Pesquisa d√° ideia do quanto essa elei√ß√£o foi suja: WhatsApp e a elei√ß√£o onde o crime compensa; por Fl√°via Marreiro https://t.co/MYsDfJ1Rcw via @elpais_brasil
204,-0.5,"[[1, -3]]","Miss√£o dada, miss√£o cumprida: Aldeia ind√≠gena em PE tem escola e posto de sa√∫de incendiados; √≠ndios temem novos ataques via @UOLNoticias @UOL  https://t.co/ZO5z53OjD6"
205,-0.5,"[[1, -3]]","√â inadmiss√≠vel o assassinato de um jovem, Charlione Lessa Albuquerque, que participava de carreata da minha campanha em Pacajus. Ele estava no carro com a m√£e celebrando a democracia e acabou morto. √â preciso apura√ß√£o e puni√ß√£o r√°pida. √Ä fam√≠lia, toda minha solidariedade."
206,-0.5,"[[1, -3]]","RT @MarinaSilva: Diante do pior risco iminente, darei um voto cr√≠tico e farei oposi√ß√£o democr√°tica ao professor @Haddad_Fernando. Leia o po‚Ä¶"
207,-0.5,"[[2, -4]]",O Bolsonaro est√° perdendo votos porque as pessoas est√£o conhecendo ele agora. Eu espero que a popula√ß√£o tenha tempo de conhecer esse homem odioso que ele √©. #SabatinaHaddad
208,-0.5,"[[2, -4]]","Gostaria de dizer ao eleitor que Bolsonaro n√£o √© a mudan√ßa, √© a continuidade do governo Temer, para pior inclusive. Ele diz que j√° est√° com a faixa presidencial na m√£o desde a semana passada e ontem entrou em desespero porque viu nossa rea√ß√£o nas ruas. #SabatinaHaddad"
209,-0.5,"[[1, -3]]","Bolsonaro estimula a viol√™ncia dos outros. Ele pr√≥prio √© um covarde, s√≥ que ele estimula as mil√≠cias, os capangas, as pessoas violentas a sairem do arm√°rio. Ele √© a express√£o da viol√™ncia. √â muito comum na hist√≥ria dos povos que os covardes estimulem a viol√™ncia."
210,-0.5,"[[1, -3]]","Eu quero dizer que n√£o adianta intimidar as universidades, n√£o adianta invadir os campi universit√°rios. A Educa√ß√£o n√£o vai se calar. Os professores e estudantes n√£o v√£o se calar at√© derrotar o soldadinho de araque."
211,-0.5,"[[2, -4]]",Meu advers√°rio √© t√£o mentiroso que ganhou at√© homenagem. Vergonha internacional. https://t.co/CnDiKzdciV
212,-0.5,"[[1, -3]]",Fernando Haddad fala com a imprensa em S√£o Paulo. Diferente do outro candidato cuja campanha amea√ßa jornais e jorna‚Ä¶ https://t.co/UciBO9m3fQ
213,-0.5,"[[1, -3]]","Vamos trabalhar at√© s√°bado para evitar o pior. Bolsonaro √© arrogante, j√° est√° preparando transi√ß√£o com o Temer, mas quem decide √© o povo domingo. Chamo ele de soldadinho de araque porque n√£o coloca medo em ningu√©m. O que d√° medo √© o que vem por tr√°s dele, os por√µes da ditadura."
214,-0.5,"[[1, -3]]","O antipetismo sempre existiu no pa√≠s. Sou filiado desde 1985 e sempre senti uma ang√∫stia da elite com o surgimento de um partido de massas. H√° uma quest√£o da antipol√≠tica tamb√©m, envolvendo os tr√™s grandes partidos do pa√≠s. Mas quem saiu vivo desse processo eleitoral foi o PT."
215,-0.5,"[[1, -3]]","Bolsonaro n√£o √© um homem √©tico como prega, √© um soldadinho de araque. Se n√£o fosse, n√£o teria aceitado dinheiro sujo para divulgar mensagens falsas contra mim no WhatsApp."
216,-0.5,"[[1, -3]]",Bolsonaro n√£o surpreende. J√° aprovou todas as pautas da agenda Temer e agora oferece uma extens√£o muito pior do que o governo atual. https://t.co/FUoMqRciuQ
217,-0.5,"[[1, -3]]","Voc√™s devem conhecer muita gente que recebeu not√≠cia falsa pelo Whatsapp. Muita gente se informa pelo celular. A arma√ß√£o deles era pra que isso terminasse no 1o turno, pra que eles n√£o fossem descobertos, mas no 2o turno toda sujeirada deles veio √† tona."
218,-0.5,"[[1, -3]]","Sab√≠amos que milh√µes de not√≠cias falsas estavam sendo distribu√≠das, s√≥ n√£o sab√≠amos quem estava patrocinando. Se um dos empres√°rios for preso, eu tenho certeza que vai abrir a boca e falar a mando de quem fez o que fez."
219,-0.5,"[[1, -3]]",A democracia est√° em risco. O deputado Jair Bolsonaro est√° sendo condenado diariamente pela Justi√ßa Eleitoral a retirar as difama√ß√µes que faz contra mim. E agora sabemos que ele est√° produzindo e distribuindo isso com dinheiro sujo.
220,-0.5,"[[1, -3]]",Agora √© a hora de mostrar que n√£o se esconde. Vamos debater olho no olho o destino desse pa√≠s?! #VemProDebate https://t.co/LR4aZONEQJ
221,-0.5,"[[1, -3]]","Segundo a Folha, o planejamento √© de que ocorra o mesmo tsunami de mentiras na √∫ltima semana da elei√ß√£o. N√≥s vamos chegar aos autores deste crime. N√£o vamos permitir que isto termine assim. Est√£o me caluniando com dinheiro sujo."
222,-0.5,"[[1, -3]]","Eu temo que a Justi√ßa Eleitoral e que a imprensa, inibidas pela viol√™ncia, n√£o cumpram seus deveres constitucionais. Estamos diante de uma situa√ß√£o grave. E eu esperava essa rea√ß√£o da classe jur√≠dica. Quem lutou pela democracia no Brasil foram os ju√≠zes democr√°ticos deste pa√≠s."
223,-0.5,"[[1, -3]]","Na Folha de hoje, o esc√¢ndalo do caixa 2 digital de Bolsonaro. Meu advers√°rio joga na sombra o tempo todo enquanto foge dos debates na luz do dia. Joga sujo junto com a turma do dinheiro para enganar o eleitor. https://t.co/dQCT5xZB6v"
224,-0.5,"[[1, -3]]","O Estado tem que garantir as liberdades religiosas. N√£o podemos tomar partido por uma, em detrimento da outra. Quando vejo um candidato √† Presid√™ncia ofender um dos maiores cardeais que SP j√° teve, chamando Dom Paulo Evaristo Arns de picareta e vagabundo, muito me preocupa."
225,-0.5,"[[1, -3]]","De hoje, depois da entrevista com o pessoal do programa P√¢nico, da r√°dio Jovem Pan.

Foto: Ricardo Stuckert https://t.co/kENc8Mqkcc"
226,-0.5,"[[1, -3]]","O mercado v√™ tudo no curto prazo. Eles est√£o de olho nas privatiza√ß√µes, nas estatais que podem ser vendidas a pre√ßo de banana. O mercado n√£o est√° olhando o Bolsonaro, est√° de olho no Paulo Guedes, e o Paulo Guedes pode ser demitido no dia 2 de janeiro."
227,-0.5,"[[1, -3]]","Ontem o TSE condenou o Bolsonaro a parar de mentir sobre o que ele chama de Kit Gay. Ele me acusou de distribuir material impr√≥prio para crian√ßas de 6 anos. Eu n√£o uso carro por op√ß√£o, eu poderia comprar um carro. E o cara me atribui uma Ferrari? Ele s√≥ mente."
228,-0.5,"[[1, -3]]",Todos os estudos mostram que armar a popula√ß√£o aumenta a viol√™ncia. No domingo uma crian√ßa de 11 anos matou uma de 12 porque teve acesso a arma do pai. Nenhum especialista em seguran√ßa afirma que armar a popula√ß√£o vai diminuir a viol√™ncia.
229,-0.5,"[[1, -3]]","Fernando Haddad, candidato √† Presid√™ncia, participa do programa P√¢nico da Jovem Pan #Haddad13 https://t.co/aFKIPCOajo"
230,-0.5,"[[1, -3]]",N√≥s temos o caminho. Trabalho e Educa√ß√£o s√£o as sa√≠das. Viol√™ncia n√£o vai levar a lugar nenhum. Armar a popula√ß√£o e o exterm√≠nio de quem pensa diferente n√£o v√£o nos levar a lugar nenhum.
231,-0.5,"[[1, -3]]",Quem bate contin√™ncia para a bandeira americana √© quem deveria explicar porque usa a bandeira verde e amarela. Quem desonra a pr√≥pria bandeira que tem que dar explica√ß√£o.
232,-0.5,"[[1, -3]]",O Bolsonaro √© uma amea√ßa concreta √†s institui√ß√µes. Eu fa√ßo acenos todos os dias. N√£o vou poupar esfor√ßos para evitar o pior. Estamos lidando com um dos piores parlamentares da Hist√≥ria como se fosse banal o que est√° acontecendo.
233,-0.5,"[[1, -3]]","Deputado Bolsonaro, o povo brasileiro pagou o seu sal√°rio de deputado por 28 anos para o senhor trabalhar. E o senhor fez o que nesses 28 anos que recebeu sal√°rio pago pelo povo? Vem contar! Vem debater. #VemProDebate https://t.co/N1LSLO9LkA"
234,-0.5,"[[1, -3]]","Na tentativa de me agredir, nosso advers√°rio ofende a todos os professores e professoras do Brasil, que jamais distribu√≠ram material impr√≥prio nas escolas. https://t.co/hKREdgYgPJ"
235,-0.5,"[[1, -3]]","Deputado Jair Bolsonaro, vamos debater?! #VemProDebate https://t.co/npCGpx8iDy"
236,-0.5,"[[1, -3]]",Essa escalada de viol√™ncia tem que ter fim. Estamos recebendo den√∫ncia de atos violentos em todo o pa√≠s. Hoje uma jovem de 19 anos foi praticamente sequestrada por tr√™s apoiadores do Bolsonaro e teve uma su√°stica entalhada no seu corpo com um canivete. Isso precisa parar.
237,-0.5,"[[1, -3]]","A escalada da viol√™ncia tem que parar e tem que ser pelo voto. Temos que responder com cidadania, civilidade e democracia. Viol√™ncia n√£o se responde com viol√™ncia."
238,-0.5,"[[1, -3]]",Vamos colocar a Pol√≠cia Federal pela primeira vez na rua para combater o crime organizado. S√≥ 8% dos crimes de morte no Brasil chegam a uma conclus√£o. As fac√ß√µes criminosas est√£o atuando nacionalmente e a PF vai entrar no circuito. Os grandes criminosos precisam ir para a cadeia.
239,-0.5,"[[1, -3]]",Tentei uma aproxima√ß√£o com a candidatura do meu advers√°rio para estabelecer um protocolo √©tico. Tem muita not√≠cia falsa circulando e as duas campanhas poderiam se ajudar e contribuir para que os eleitores recebessem informa√ß√µes reais sobre o que cada um pensa.
240,-0.5,"[[1, -3]]",Fica o apelo para que a Justi√ßa eleitoral seja mais r√°pida para retirar essas mentiras contra n√≥s da internet. Queremos estabelecer um protocolo √©tico contra cal√∫nias e difama√ß√µes an√¥nimas.
241,-0.5,"[[1, -3]]",Promover not√≠cias falsas al√©m de tudo custa dinheiro... Meu advers√°rio se empenhou muito em ataque e pouco em propostas. https://t.co/w57zTS2EmU
242,-0.5,"[[1, -3]]","Todas as pesquisas apontam para nossa ida ao segundo turno, quando deixaremos ainda mais clara a diferen√ßa entre os projetos que est√£o em disputa no Brasil.#VotePorLulaVote13"
243,-0.5,"[[1, -3]]",At√© os procuradores da Lava Jato j√° elogiaram a legisla√ß√£o criada pelos nossos governos para fiscalizar a corrup√ß√£o. #Haddad√â13 #DebateNaGlobo
244,-0.5,"[[1, -3]]","RT @LulaOficial: ‚úÖüö® ZAP DO LULA NA GUERRA CONTRA AS MENTIRAS E BOATOS

Lula e Haddad precisam de voc√™! Combata mentiras, boatos e fake news‚Ä¶"
245,-0.5,"[[1, -3]]","N√£o vamos sossegar enquanto @LulaOficial n√£o tiver um julgamento justo, porque o que foi feito foi um ato de persegui√ß√£o para tirar ele da disputa."
246,-0.5,"[[1, -3]]",N√≥s n√£o podemos tentar resolver os problemas do pa√≠s no autoritarismo e na viol√™ncia. A democracia deve ser celebrada todo o tempo.
247,-0.5,"[[1, -3]]","Seu desconhecimento da realidade brasileira chama muita aten√ß√£o, senador @alvarodias_. Voc√™ fica fechado no seu gabinete no Senado. #DebateAparecida"
248,-0.5,"[[1, -3]]","O delator vem fazer uma dela√ß√£o e n√£o apresenta uma prova. Estamos em um processo perigoso, em que voc√™ pode por antipatia macular a imagem de uma pessoa. Tr√™s anos para entrar com a a√ß√£o, entrou agora por que? Faltando 30 dias para a elei√ß√£o... #HaddadNaGloboNews"
249,-0.5,"[[1, -3]]","Nunca houve um governo que fortaleceu tanto a PF, MP e Controladoria Geral da Uni√£o. Lembrando que existem erros judici√°rios algumas vezes e que podem ser revertidos. Vamos lembrar de Gushiken, que foi absolvido quase em seu leito de morte. #HaddadNaGloboNews"
250,-0.5,"[[1, -3]]",O @LulaOficial sempre me falou que tem duas coisas importantes na vida: a educa√ß√£o e o trabalho. Hoje temos 171 mil estudantes abandonando a gradua√ß√£o. √â um pecado o que estamos vendo.
251,-0.5,"[[1, -3]]",Tem sempre um tucano com uma maldade. Um projeto do mal. O @geraldoalckmin deveria assumir logo que defende o @MichelTemer. Temos a tarefa de explicar isso para as pessoas.
252,-0.5,"[[1, -3]]","Eles est√£o contra uma ideia de Brasil. O pa√≠s sempre foi visto como um quintal deles. A√≠ chega um cara de pau de arara, com at√© a quarta-s√©rie e come√ßa a construir com o povo uma vis√£o de futuro. O cara que mais investiu na educa√ß√£o chama @LulaOficial."
253,-0.5,"[[1, -3]]",Aqueles que querem dar um choque na economia aumentando imposto e reduzindo gasto v√£o colher recess√£o. #HaddadnoCanalLivre
254,-0.5,"[[1, -3]]","Vamos seguir a ordem democr√°tica ou vamos cometer uma segunda viol√™ncia contra @LulaOficial? Esperamos dos meios de comunica√ß√£o, que dependem da democracia pra sobreviver, a defesa das institui√ß√µes democr√°ticas."
255,-0.5,"[[1, -3]]","A Reforma Trabalhista √© um fiasco. Ela induz √† pejotiza√ß√£o, induz √† cria√ß√£o de um falso empreendedor, que s√≥ presta servi√ßo pra uma empresa. #HaddadnoCatraca"
256,-0.5,"[[1, -3]]","Queremos refor√ßar o contingente da Pol√≠cia Federal no combate ao crime organizado. Quanto se prende e quanto se apreende hoje no Brasil? Estamos encarcerando em massa. Quando voc√™ chama a responsabilidade federal, voc√™ libera as pol√≠cias para dar seguran√ßa aos cidad√£os."
257,-0.5,"[[1, -3]]",Lutar pela participa√ß√£o do Lula nos debates aumenta inclusive a sua audi√™ncia. Ele quer fazer a disputa olhando nos olhos do eleitor e dos advers√°rios. Ele tem o desejo de enfrentar qualquer questionamento.
258,-0.5,"[[1, -3]]","A universidade mudou de cara, a educa√ß√£o b√°sica melhorou. Mas o Ensino M√©dio estagnou. A partir da√≠ o @LulaOficial chama a responsabilidade. Ele quer come√ßar com as 500 escolas com condi√ß√µes mais prec√°rias, fechando acordos de coopera√ß√£o. #DebateBand #DebatecomLula"
259,-0.5,"[[1, -3]]","A @dilmabr foi tra√≠da pelo vice e √© acusada. E o traidor √© absolvido... Afastaram sem crime de responsabilidade uma presidenta eleita. E agora todos fogem de responder pelo governo Temer. Ningu√©m pode acusar a Dilma pelo @MichelTemer, ela foi tra√≠da por ele."
260,-0.5,"[[1, -3]]","O Lula est√° muito indignado, como todo mundo sabe. Todos est√£o percebendo que querem tir√°-lo da disputa e n√≥s vamos √†s ultimas consequ√™ncias para lev√°-lo ao Pal√°cio do Planalto mais uma vez. #DebateBand #DebateComLula"
261,-0.5,"[[1, -3]]","Governo temero-tucano √© uma amea√ßa ao planeta, diz estudo https://t.co/saNJVm8dyk"
262,-0.5,"[[1, -3]]",Ex-advogado da Odebrecht refor√ßa suspeita da exist√™ncia de ind√∫stria da dela√ß√£o dentro da Lava Jato https://t.co/aFGg5fHt3B por @jornalismowando
263,-0.5,"[[1, -3]]","Ditadura abafou apura√ß√£o de corrup√ß√£o dos anos 70, revelam documentos brit√¢nicos https://t.co/my5IICGinm"
264,-0.5,"[[1, -3]]","Artigo de Carlos Leite, Paulo Saldiva e Luiz Carlos Bresser-Pereira sobre o retrocesso urban√≠stico proposto por Doria-Covas, que amea√ßa o Plano Diretor de S√£o Paulo, sob os olhares complacentes da grande imprensa.
https://t.co/s2WBnsjghD via @nexojornal"
265,-0.5,"[[1, -3]]",Papa Pop Francisco acusa m√≠dia de difama√ß√£o que fomenta golpes de Estado https://t.co/3p5MMF34X0
266,-0.5,"[[3, -5]]",Outro ataque fascista no Paran√°. Solidariedade √†s v√≠timas e abra√ßo fraterno aos resistentes que lutam por democracia. https://t.co/75jv7G5HTH
267,-0.5,"[[1, -3]]","50 Km/h = Nossa pol√≠tica de seguran√ßa no tr√¢nsito reduziu, entre 2013 e 2017, em 50% o n¬∫ de acidentes com v√≠timas. Em 2017, duas consequ√™ncias, fruto da imprud√™ncia de Doria: aumento de mortes de ciclistas e nas marginais. https://t.co/XWYWwBhrcT"
268,-0.5,"[[1, -3]]","Para economista, informalidade do mercado de trabalho afeta propens√£o a consumir e prejudica retomada.
‚ÄúA retomada do crescimento econ√¥mico corre riscos neste ano? SIM‚Äù
https://t.co/g9k3NLT9Pm"
269,-0.5,"[[1, -3]]","Diante da lideran√ßa de Bolsonaro, PSDB se deixa empurrar para os bra√ßos do fascismo. Um erro enorme!
‚ÄúPT 'colhe o que planta', diz Alckmin sobre ataque a tiros a caravana de Lula‚Äù https://t.co/Jt6ePUhpvW"
270,-0.5,"[[1, -3]]",Mais um sinal de obscurantismo: Chefe da Ag√™ncia Brasil √© demitido por mat√©ria que desagradou Temer e Alckmin https://t.co/S212C4kBRZ via @redebrasilatual
271,-0.5,"[[1, -3]]","Se o jornalismo √© um mal necess√°rio, o mau jornalismo √© um mal desnecess√°rio."
272,-0.5,"[[1, -3]]","Governo Temer amea√ßa liberdade acad√©mica: ‚ÄúMEC vai acionar MPF contra disciplina da UnB sobre ‚Äògolpe de 2016‚Äô‚Äù
 https://t.co/A3vIp2gpuQ"
273,-0.5,"[[1, -3]]","A decis√£o do TSE de que candidatos poder√£o financiar toda a campanha com recursos pr√≥prios n√£o apenas desequilibra a disputa democr√°tica como abre campo para a fraude via distribui√ß√£o de dividendos. 
https://t.co/G43WAPlpJH"
274,-0.5,"[[1, -3]]",Brasil tem pior cen√°rio de pluralidade da m√≠dia em 12 pa√≠ses analisados pela ONG Rep√≥rteres Sem Fronteiras. E se dizem liberais. https://t.co/fvNqHCUkm6 via @agenciabrasil
275,-0.5,"[[1, -3]]","Artigo de Paulo Cesar de Ara√∫jo, da PUC-RJ: ‚ÄúNos anos 1960, um ex-presidente era investigado por causa de apartamento‚Äù.
https://t.co/qz1dUo9lhf"
276,-0.5,"[[1, -3]]",O uso descuidado do indiciamento sem elementos concretos de prova banaliza o instituto que deveria ser reservado para situa√ß√µes em que ao menos haja ind√≠cio de envolvimento de algu√©m em atos il√≠citos.
277,-0.5,"[[1, -3]]","N√£o h√° o m√≠nimo ind√≠cio de qualquer participa√ß√£o de Fernando Haddad nos atos descritos por um colaborador sem credibilidade, cujas declara√ß√µes j√° foram colocadas sob suspeita em outros casos."
278,-0.5,"[[1, -3]]","Ativistas denunciam a√ß√£o ""de guerra"" da PM e da GCM na cracol√¢ndia via @UOLNoticias @UOL  https://t.co/RP8B8kEg9D"
279,-0.5,"[[1, -3]]","Prefeita progressista de Santiago do Chile, derrotada nas elei√ß√µes, fala de mobilidade urbana em entrevista: ‚ÄòNenhum meio de transporte por  si s√≥ √© a solu√ß√£o‚Äô, diz ex-prefeita chilena -  https://t.co/s1pYjCQnDc"
280,-0.5,"[[1, -3]]","Depois da tentativa desastrada de interna√ß√£o compuls√≥ria em massa, barrada pela Justi√ßa, gest√£o Doria adotar√° a√ß√µes de redu√ß√£o de danos na Cracol√¢ndia -  https://t.co/UAuGqV5sJl"
281,-0.5,"[[1, -3]]",Resposta da Cultura ao ataque de D√≥ria a nossa gest√£o: O rebaixamento do debate p√∫blico da cultura https://t.co/RKsiQaTtJa
